<?xml version="1.0" encoding="UTF-8"?>
<!--
  * Licensed to the Apache Software Foundation (ASF) under one
  * or more contributor license agreements.  See the NOTICE file
  * distributed with this work for additional information
  * regarding copyright ownership.  The ASF licenses this file
  * to you under the Apache License, Version 2.0 (the
  * "License"); you may not use this file except in compliance
  * with the License.  You may obtain a copy of the License at
  *
  * http://www.apache.org/licenses/LICENSE-2.0
  *
  * Unless required by applicable law or agreed to in writing,
  * software distributed under the License is distributed on an
  * "AS IS" BASIS, WITHOUT WARRANTIES OR CONDITIONS OF ANY
  * KIND, either express or implied.  See the License for the
  * specific language governing permissions and limitations
  * under the License. 
  *
-->
<project xmlns="http://maven.apache.org/POM/4.0.0" xmlns:xsi="http://www.w3.org/2001/XMLSchema-instance" xsi:schemaLocation="http://maven.apache.org/POM/4.0.0 http://maven.apache.org/xsd/maven-4.0.0.xsd">
    <modelVersion>4.0.0</modelVersion>
    <groupId>org.apache.maven.plugins</groupId>
    <artifactId>maven-enforcer-plugin-sample-usage</artifactId>
    <version>1</version>
    <packaging>jar</packaging>
    <build>
        <plugins>
            <plugin>
                <groupId>org.apache.maven.plugins</groupId>
                <artifactId>maven-enforcer-plugin</artifactId>
                <version>1.0-beta-1</version>
                <dependencies>
                    <dependency>
                        <groupId>custom-rule</groupId>
                        <artifactId>custom-rule-sample</artifactId>
                        <version>1.0</version>
                    </dependency>
                </dependencies>
                <executions>
                    <execution>
                        <id>enforce</id>
                        <configuration>
                            <rules>
                                <myCustomRule implementation="org.apache.maven.enforcer.rule.MyCustomRule">
                                    <shouldIfail>false</shouldIfail>
                                </myCustomRule>
                            </rules>
                        </configuration>
                        <goals>
                            <goal>enforce</goal>
                        </goals>

                    </execution>
                </executions>
            </plugin>
        </plugins>
    </build>
</project>
